"","baseMean","log2FoldChange","lfcSE","stat","pvalue","padj"
"PITX1",2954.36167910247,-6.6895653252085,0.220317083852959,-30.3633527106467,1.67445106087073e-202,6.69780424348291e-201
"LOC107525399",74763.9067318956,0.935169275418774,0.245311656963833,3.81216810889932,0.000137753131194982,0.00275506262389964
